[{"model": "admin.logentry", "pk": 1, "fields": {"action_time": "2020-10-04T18:46:43.614Z", "user": 1, "content_type": 9, "object_id": "1", "object_repr": "Basket object (1)", "action_flag": 3, "change_message": ""}}, {"model": "admin.logentry", "pk": 2, "fields": {"action_time": "2020-10-04T18:46:48.945Z", "user": 1, "content_type": 9, "object_id": "2", "object_repr": "Basket object (2)", "action_flag": 3, "change_message": ""}}, {"model": "auth.permission", "pk": 1, "fields": {"name": "Can add log entry", "content_type": 1, "codename": "add_logentry"}}, {"model": "auth.permission", "pk": 2, "fields": {"name": "Can change log entry", "content_type": 1, "codename": "change_logentry"}}, {"model": "auth.permission", "pk": 3, "fields": {"name": "Can delete log entry", "content_type": 1, "codename": "delete_logentry"}}, {"model": "auth.permission", "pk": 4, "fields": {"name": "Can view log entry", "content_type": 1, "codename": "view_logentry"}}, {"model": "auth.permission", "pk": 5, "fields": {"name": "Can add permission", "content_type": 2, "codename": "add_permission"}}, {"model": "auth.permission", "pk": 6, "fields": {"name": "Can change permission", "content_type": 2, "codename": "change_permission"}}, {"model": "auth.permission", "pk": 7, "fields": {"name": "Can delete permission", "content_type": 2, "codename": "delete_permission"}}, {"model": "auth.permission", "pk": 8, "fields": {"name": "Can view permission", "content_type": 2, "codename": "view_permission"}}, {"model": "auth.permission", "pk": 9, "fields": {"name": "Can add group", "content_type": 3, "codename": "add_group"}}, {"model": "auth.permission", "pk": 10, "fields": {"name": "Can change group", "content_type": 3, "codename": "change_group"}}, {"model": "auth.permission", "pk": 11, "fields": {"name": "Can delete group", "content_type": 3, "codename": "delete_group"}}, {"model": "auth.permission", "pk": 12, "fields": {"name": "Can view group", "content_type": 3, "codename": "view_group"}}, {"model": "auth.permission", "pk": 13, "fields": {"name": "Can add content type", "content_type": 4, "codename": "add_contenttype"}}, {"model": "auth.permission", "pk": 14, "fields": {"name": "Can change content type", "content_type": 4, "codename": "change_contenttype"}}, {"model": "auth.permission", "pk": 15, "fields": {"name": "Can delete content type", "content_type": 4, "codename": "delete_contenttype"}}, {"model": "auth.permission", "pk": 16, "fields": {"name": "Can view content type", "content_type": 4, "codename": "view_contenttype"}}, {"model": "auth.permission", "pk": 17, "fields": {"name": "Can add session", "content_type": 5, "codename": "add_session"}}, {"model": "auth.permission", "pk": 18, "fields": {"name": "Can change session", "content_type": 5, "codename": "change_session"}}, {"model": "auth.permission", "pk": 19, "fields": {"name": "Can delete session", "content_type": 5, "codename": "delete_session"}}, {"model": "auth.permission", "pk": 20, "fields": {"name": "Can view session", "content_type": 5, "codename": "view_session"}}, {"model": "auth.permission", "pk": 21, "fields": {"name": "Can add категория", "content_type": 6, "codename": "add_productcategory"}}, {"model": "auth.permission", "pk": 22, "fields": {"name": "Can change категория", "content_type": 6, "codename": "change_productcategory"}}, {"model": "auth.permission", "pk": 23, "fields": {"name": "Can delete категория", "content_type": 6, "codename": "delete_productcategory"}}, {"model": "auth.permission", "pk": 24, "fields": {"name": "Can view категория", "content_type": 6, "codename": "view_productcategory"}}, {"model": "auth.permission", "pk": 25, "fields": {"name": "Can add продукт", "content_type": 7, "codename": "add_product"}}, {"model": "auth.permission", "pk": 26, "fields": {"name": "Can change продукт", "content_type": 7, "codename": "change_product"}}, {"model": "auth.permission", "pk": 27, "fields": {"name": "Can delete продукт", "content_type": 7, "codename": "delete_product"}}, {"model": "auth.permission", "pk": 28, "fields": {"name": "Can view продукт", "content_type": 7, "codename": "view_product"}}, {"model": "auth.permission", "pk": 29, "fields": {"name": "Can add user", "content_type": 8, "codename": "add_shopuser"}}, {"model": "auth.permission", "pk": 30, "fields": {"name": "Can change user", "content_type": 8, "codename": "change_shopuser"}}, {"model": "auth.permission", "pk": 31, "fields": {"name": "Can delete user", "content_type": 8, "codename": "delete_shopuser"}}, {"model": "auth.permission", "pk": 32, "fields": {"name": "Can view user", "content_type": 8, "codename": "view_shopuser"}}, {"model": "auth.permission", "pk": 33, "fields": {"name": "Can add basket", "content_type": 9, "codename": "add_basket"}}, {"model": "auth.permission", "pk": 34, "fields": {"name": "Can change basket", "content_type": 9, "codename": "change_basket"}}, {"model": "auth.permission", "pk": 35, "fields": {"name": "Can delete basket", "content_type": 9, "codename": "delete_basket"}}, {"model": "auth.permission", "pk": 36, "fields": {"name": "Can view basket", "content_type": 9, "codename": "view_basket"}}, {"model": "auth.permission", "pk": 37, "fields": {"name": "Can add association", "content_type": 10, "codename": "add_association"}}, {"model": "auth.permission", "pk": 38, "fields": {"name": "Can change association", "content_type": 10, "codename": "change_association"}}, {"model": "auth.permission", "pk": 39, "fields": {"name": "Can delete association", "content_type": 10, "codename": "delete_association"}}, {"model": "auth.permission", "pk": 40, "fields": {"name": "Can view association", "content_type": 10, "codename": "view_association"}}, {"model": "auth.permission", "pk": 41, "fields": {"name": "Can add code", "content_type": 11, "codename": "add_code"}}, {"model": "auth.permission", "pk": 42, "fields": {"name": "Can change code", "content_type": 11, "codename": "change_code"}}, {"model": "auth.permission", "pk": 43, "fields": {"name": "Can delete code", "content_type": 11, "codename": "delete_code"}}, {"model": "auth.permission", "pk": 44, "fields": {"name": "Can view code", "content_type": 11, "codename": "view_code"}}, {"model": "auth.permission", "pk": 45, "fields": {"name": "Can add nonce", "content_type": 12, "codename": "add_nonce"}}, {"model": "auth.permission", "pk": 46, "fields": {"name": "Can change nonce", "content_type": 12, "codename": "change_nonce"}}, {"model": "auth.permission", "pk": 47, "fields": {"name": "Can delete nonce", "content_type": 12, "codename": "delete_nonce"}}, {"model": "auth.permission", "pk": 48, "fields": {"name": "Can view nonce", "content_type": 12, "codename": "view_nonce"}}, {"model": "auth.permission", "pk": 49, "fields": {"name": "Can add user social auth", "content_type": 13, "codename": "add_usersocialauth"}}, {"model": "auth.permission", "pk": 50, "fields": {"name": "Can change user social auth", "content_type": 13, "codename": "change_usersocialauth"}}, {"model": "auth.permission", "pk": 51, "fields": {"name": "Can delete user social auth", "content_type": 13, "codename": "delete_usersocialauth"}}, {"model": "auth.permission", "pk": 52, "fields": {"name": "Can view user social auth", "content_type": 13, "codename": "view_usersocialauth"}}, {"model": "auth.permission", "pk": 53, "fields": {"name": "Can add partial", "content_type": 14, "codename": "add_partial"}}, {"model": "auth.permission", "pk": 54, "fields": {"name": "Can change partial", "content_type": 14, "codename": "change_partial"}}, {"model": "auth.permission", "pk": 55, "fields": {"name": "Can delete partial", "content_type": 14, "codename": "delete_partial"}}, {"model": "auth.permission", "pk": 56, "fields": {"name": "Can view partial", "content_type": 14, "codename": "view_partial"}}, {"model": "auth.permission", "pk": 57, "fields": {"name": "Can add shop user profile", "content_type": 15, "codename": "add_shopuserprofile"}}, {"model": "auth.permission", "pk": 58, "fields": {"name": "Can change shop user profile", "content_type": 15, "codename": "change_shopuserprofile"}}, {"model": "auth.permission", "pk": 59, "fields": {"name": "Can delete shop user profile", "content_type": 15, "codename": "delete_shopuserprofile"}}, {"model": "auth.permission", "pk": 60, "fields": {"name": "Can view shop user profile", "content_type": 15, "codename": "view_shopuserprofile"}}, {"model": "auth.permission", "pk": 61, "fields": {"name": "Can add заказ", "content_type": 16, "codename": "add_order"}}, {"model": "auth.permission", "pk": 62, "fields": {"name": "Can change заказ", "content_type": 16, "codename": "change_order"}}, {"model": "auth.permission", "pk": 63, "fields": {"name": "Can delete заказ", "content_type": 16, "codename": "delete_order"}}, {"model": "auth.permission", "pk": 64, "fields": {"name": "Can view заказ", "content_type": 16, "codename": "view_order"}}, {"model": "auth.permission", "pk": 65, "fields": {"name": "Can add order item", "content_type": 17, "codename": "add_orderitem"}}, {"model": "auth.permission", "pk": 66, "fields": {"name": "Can change order item", "content_type": 17, "codename": "change_orderitem"}}, {"model": "auth.permission", "pk": 67, "fields": {"name": "Can delete order item", "content_type": 17, "codename": "delete_orderitem"}}, {"model": "auth.permission", "pk": 68, "fields": {"name": "Can view order item", "content_type": 17, "codename": "view_orderitem"}}, {"model": "sessions.session", "pk": "4xkutlll2xpualdyk0rrme9qwyifqys6", "fields": {"session_data": "eyJuZXh0IjoiLyIsImdpdGh1Yl9zdGF0ZSI6InRtQU5QZXZuYThoNFBrelI0Y2Z4cnd1THZneWtQeFZ1In0:1kWih3:7nMR3de7krq1tycArHU75zVTtV9A70Eo3r6d5dqZlb4", "expire_date": "2020-11-08T16:16:29.775Z"}}, {"model": "sessions.session", "pk": "j5d9tr659k1f5ed8myhe6wm0jlj7tpvv", "fields": {"session_data": "ZGE2MDU4YTQ1ODQxNzZkNGJjYjk0YzAxZDlmYzkzODEwZTAzODhiMDp7Il9hdXRoX3VzZXJfaWQiOiIxIiwiX2F1dGhfdXNlcl9iYWNrZW5kIjoiZGphbmdvLmNvbnRyaWIuYXV0aC5iYWNrZW5kcy5Nb2RlbEJhY2tlbmQiLCJfYXV0aF91c2VyX2hhc2giOiI4OTllYTIzMWI2MzE2ZTkwNDU0YWVlNGM1NGRkZTZjMWFlZjNhNTBkIn0=", "expire_date": "2020-10-25T17:55:09.586Z"}}, {"model": "sessions.session", "pk": "pa1nh84h5hf9kixnwz62ldzn292m36xa", "fields": {"session_data": ".eJxVjEEOgjAQRe_StWnaKQ7g0j1naGY6g6CmTSisjHdXEha6_e-9_zKRtnWKW9UlzmIuxpvT78aUHpp3IHfKt2JTyesys90Ve9BqhyL6vB7u38FEdfrWrqeWR0Fkh4QIfQOJCQA9tWPDoAASHPg-4dlTw51wUNWxw-CTtmLeH9_oOCA:1kYgjG:0plszlX3oghDi_yTZiPmBLaA2FibiOV7G4xQ2AgQ6c0", "expire_date": "2020-11-14T02:34:54.541Z"}}, {"model": "mainapp.productcategory", "pk": 1, "fields": {"name": "дом", "description": "отличная мебель для домашнего интерьера.", "is_active": true}}, {"model": "mainapp.productcategory", "pk": 2, "fields": {"name": "офис", "description": "стильная и надежная офисная мебель нового поколения.", "is_active": true}}, {"model": "mainapp.productcategory", "pk": 3, "fields": {"name": "модерн", "description": "мебель в стиле МОДЕРН подойдет для любого интерьера.", "is_active": true}}, {"model": "mainapp.productcategory", "pk": 4, "fields": {"name": "классика", "description": "классический стиль актуален в любые времена.", "is_active": true}}, {"model": "mainapp.productcategory", "pk": 5, "fields": {"name": "test", "description": "test...", "is_active": false}}, {"model": "mainapp.product", "pk": 1, "fields": {"category": 1, "name": "комфорт 1", "image": "products_images/product-1.jpg", "short_desc": "комфортный стул", "description": "подойдет для просмотра фильмов", "is_active": true, "price": "2989.50", "quantity": 17}}, {"model": "mainapp.product", "pk": 2, "fields": {"category": 1, "name": "комфорт 2", "image": "products_images/product-2.jpg", "short_desc": "очень комфортный стул", "description": "подойдет для общения с друзьями", "is_active": true, "price": "3687.20", "quantity": 24}}, {"model": "mainapp.product", "pk": 3, "fields": {"category": 1, "name": "люкс", "image": "products_images/product-3.jpg", "short_desc": "использованы премиальные материалы", "description": "для тех, кто стремится к лучшему", "is_active": true, "price": "8157.99", "quantity": 7}}, {"model": "mainapp.product", "pk": 4, "fields": {"category": 2, "name": "стандарт", "image": "products_images/product-4.jpg", "short_desc": "универсальное решение", "description": "подойдет для любого офиса", "is_active": true, "price": "1895.25", "quantity": 23}}, {"model": "mainapp.product", "pk": 5, "fields": {"category": 2, "name": "премиум", "image": "products_images/product-5.jpg", "short_desc": "улучшенный дизайн", "description": "идеально впишется в строгий интерьер офиса", "is_active": true, "price": "3587.41", "quantity": 9}}, {"model": "mainapp.product", "pk": 6, "fields": {"category": 3, "name": "новинка", "image": "products_images/product-6.jpg", "short_desc": "инновационный дизайн", "description": "нестандартное решение для современного интерьера", "is_active": true, "price": "5361.47", "quantity": 15}}, {"model": "mainapp.product", "pk": 7, "fields": {"category": 3, "name": "прогресс", "image": "products_images/product-7.jpg", "short_desc": "прогрессивный дизайн", "description": "функциональное и комфортное решение", "is_active": true, "price": "6789.33", "quantity": 12}}, {"model": "mainapp.product", "pk": 8, "fields": {"category": 4, "name": "венеция", "image": "products_images/product-8.jpg", "short_desc": "классические формы", "description": "окунитесь в европейский комфорт", "is_active": true, "price": "4147.51", "quantity": 23}}, {"model": "mainapp.product", "pk": 9, "fields": {"category": 4, "name": "тоскана", "image": "products_images/product-9.jpg", "short_desc": "эргономичная спинка", "description": "почувствуйте комфорт и насладитесь цветовой гаммой", "is_active": true, "price": "7147.35", "quantity": 18}}, {"model": "mainapp.product", "pk": 10, "fields": {"category": 4, "name": "рим", "image": "products_images/product-10.jpg", "short_desc": "удачные пропорции", "description": "компактность и функциональность", "is_active": true, "price": "8357.77", "quantity": 9}}, {"model": "mainapp.product", "pk": 11, "fields": {"category": 1, "name": "test1", "image": "", "short_desc": "test1 short description", "description": "test1 description", "is_active": false, "price": "3750.00", "quantity": 12}}, {"model": "mainapp.product", "pk": 12, "fields": {"category": 1, "name": "test2", "image": "", "short_desc": "test2 short description", "description": "test2 description", "is_active": false, "price": "0.00", "quantity": 0}}, {"model": "authapp.shopuser", "pk": 1, "fields": {"password": "pbkdf2_sha256$216000$PNDgnRwf3AaW$fsI96N/8G69D/oPheMbthl2WpkFSTYW1Z0HrRj5N5TM=", "last_login": "2020-10-31T02:34:54.255Z", "is_superuser": true, "username": "django", "first_name": "Алексей", "last_name": "", "email": "", "is_staff": true, "is_active": true, "date_joined": "2020-09-30T19:50:55Z", "avatar": "", "age": 31, "activation_key": "", "activation_key_expires": "2020-10-23T17:39:06.804Z", "groups": [], "user_permissions": []}}, {"model": "authapp.shopuser", "pk": 2, "fields": {"password": "pbkdf2_sha256$150000$TAfFj0ho4G9X$WAmjoSocGm4lr/zFjNeq7QIw0+KMLo7m7k4d2JKjRoM=", "last_login": "2020-09-30T21:38:26Z", "is_superuser": false, "username": "Aleksey", "first_name": "Алексей", "last_name": "", "email": "ostrav89@yandex.ru", "is_staff": false, "is_active": true, "date_joined": "2020-09-30T21:38:13Z", "avatar": "", "age": 30, "activation_key": "", "activation_key_expires": "2020-10-23T17:39:06.804Z", "groups": [], "user_permissions": []}}, {"model": "authapp.shopuser", "pk": 3, "fields": {"password": "pbkdf2_sha256$150000$7lu0VZZLp0ov$UxVdLOOQdB71MnPrpC8Fiida7+E2PxR4f82PZ+NzTuc=", "last_login": null, "is_superuser": false, "username": "qwe", "first_name": "", "last_name": "", "email": "qwe@qwe.ru", "is_staff": false, "is_active": false, "date_joined": "2020-10-13T19:28:33.071Z", "avatar": "", "age": 22, "activation_key": "", "activation_key_expires": "2020-10-23T17:39:06.804Z", "groups": [], "user_permissions": []}}, {"model": "authapp.shopuser", "pk": 4, "fields": {"password": "pbkdf2_sha256$150000$Ju8qZYZ7GYIQ$4xpth8ljmduGfpOb2y9Oh3+TeIgR9LdqyhXcNQ0DKyo=", "last_login": null, "is_superuser": false, "username": "test1", "first_name": "", "last_name": "", "email": "", "is_staff": false, "is_active": false, "date_joined": "2020-10-15T18:54:04Z", "avatar": "", "age": 44, "activation_key": "", "activation_key_expires": "2020-10-23T17:39:06.804Z", "groups": [], "user_permissions": []}}, {"model": "authapp.shopuser", "pk": 5, "fields": {"password": "pbkdf2_sha256$216000$cznGqbhVjo8H$YshdMQsGCZ8SdxWL0FtOwSTJt5amdobNiaYEYTjHmyU=", "last_login": null, "is_superuser": false, "username": "django2", "first_name": "django2_name", "last_name": "", "email": "django2@db.local", "is_staff": false, "is_active": false, "date_joined": "2020-10-21T17:42:34.032Z", "avatar": "", "age": 55, "activation_key": "fdbaa2a0ac3fc19a32960facdcab8b921a8fb137", "activation_key_expires": "2020-10-23T17:39:41.898Z", "groups": [], "user_permissions": []}}, {"model": "authapp.shopuser", "pk": 6, "fields": {"password": "pbkdf2_sha256$216000$39yi2QiVmJlh$ZOWvlTPKqQkHZu7F4kDePdJhrNr6ZMuRO7B2LS2T84Y=", "last_login": "2020-10-21T17:53:05.404Z", "is_superuser": false, "username": "django3", "first_name": "django3_name", "last_name": "", "email": "django3@db.local", "is_staff": false, "is_active": true, "date_joined": "2020-10-21T17:47:08.444Z", "avatar": "", "age": 55, "activation_key": "09952de40b449d21d6fe3e12750fab225e3d0553", "activation_key_expires": "2020-10-23T17:39:41.898Z", "groups": [], "user_permissions": []}}, {"model": "authapp.shopuser", "pk": 7, "fields": {"password": "pbkdf2_sha256$216000$yDfXO5fbeIQ6$2ibbJknUQVRNG2DPmeLvt0kSF1zgqARBMJ9tn7crPqI=", "last_login": "2020-10-21T18:01:33.592Z", "is_superuser": false, "username": "django4", "first_name": "django4_name", "last_name": "", "email": "django4@db.local", "is_staff": false, "is_active": true, "date_joined": "2020-10-21T17:59:54.899Z", "avatar": "", "age": 34, "activation_key": "1a6815cf963ac6cc37e10b7ddfdf0f024f1f8b00", "activation_key_expires": "2020-10-23T17:58:00.877Z", "groups": [], "user_permissions": []}}, {"model": "authapp.shopuser", "pk": 11, "fields": {"password": "pbkdf2_sha256$216000$7TCJfrRX4xFb$vVqwGx/E5nbMFEpMA8K6j3N+FeUVJWrAyOGb8UzH7Q0=", "last_login": null, "is_superuser": false, "username": "django8", "first_name": "django8_name", "last_name": "", "email": "django8@db.local", "is_staff": false, "is_active": false, "date_joined": "2020-10-21T21:02:32.688Z", "avatar": "", "age": 56, "activation_key": "74aa3321f192e93007037ea29a99194f5892552b", "activation_key_expires": "2020-10-23T21:01:44.520Z", "groups": [], "user_permissions": []}}, {"model": "authapp.shopuser", "pk": 12, "fields": {"password": "pbkdf2_sha256$216000$0FVgJUnFzQhQ$xIs1EHE2f0Z8CmndlKD5ssGyXSc20+zh0yt8Rthelkg=", "last_login": null, "is_superuser": false, "username": "django9", "first_name": "django9_name", "last_name": "", "email": "django9@db.local", "is_staff": false, "is_active": false, "date_joined": "2020-10-21T21:03:50.949Z", "avatar": "", "age": 62, "activation_key": "c3a8a02c463fc29484793c37a665bfe2f662350c", "activation_key_expires": "2020-10-23T21:01:44.520Z", "groups": [], "user_permissions": []}}, {"model": "authapp.shopuser", "pk": 25, "fields": {"password": "!S0P6t6YR5HyllNlfN8BTV7m9x1jT00aziv8gUOEF", "last_login": "2020-10-25T22:12:07.858Z", "is_superuser": false, "username": "Aleksey-hub", "first_name": "Aleksey", "last_name": "", "email": "", "is_staff": false, "is_active": true, "date_joined": "2020-10-25T21:54:57.750Z", "avatar": "", "age": 18, "activation_key": "", "activation_key_expires": "2020-10-27T21:53:35.330Z", "groups": [], "user_permissions": []}}, {"model": "authapp.shopuserprofile", "pk": 1, "fields": {"user": 1, "tagline": "", "aboutMe": "", "gender": "M"}}, {"model": "authapp.shopuserprofile", "pk": 2, "fields": {"user": 2, "tagline": "", "aboutMe": "", "gender": ""}}, {"model": "authapp.shopuserprofile", "pk": 3, "fields": {"user": 3, "tagline": "", "aboutMe": "", "gender": ""}}, {"model": "authapp.shopuserprofile", "pk": 4, "fields": {"user": 4, "tagline": "", "aboutMe": "", "gender": ""}}, {"model": "authapp.shopuserprofile", "pk": 5, "fields": {"user": 5, "tagline": "", "aboutMe": "", "gender": ""}}, {"model": "authapp.shopuserprofile", "pk": 6, "fields": {"user": 6, "tagline": "", "aboutMe": "", "gender": ""}}, {"model": "authapp.shopuserprofile", "pk": 7, "fields": {"user": 7, "tagline": "", "aboutMe": "", "gender": ""}}, {"model": "authapp.shopuserprofile", "pk": 8, "fields": {"user": 11, "tagline": "", "aboutMe": "", "gender": ""}}, {"model": "authapp.shopuserprofile", "pk": 9, "fields": {"user": 12, "tagline": "", "aboutMe": "", "gender": ""}}, {"model": "social_django.usersocialauth", "pk": 9, "fields": {"user": 25, "provider": "github", "uid": "53274251", "extra_data": "{\"auth_time\": 1603663927, \"id\": 53274251, \"expires\": null, \"login\": \"Aleksey-hub\", \"access_token\": \"9be092931c439fca4f2e98b44951090dbd079c0e\", \"token_type\": \"bearer\"}", "created": "2020-10-25T21:54:58.618Z", "modified": "2020-10-25T22:12:07.545Z"}}, {"model": "orderapp.order", "pk": 1, "fields": {"user": 1, "created": "2020-10-31T03:26:29.161Z", "updated": "2020-11-03T23:29:39.861Z", "status": "FM", "is_active": false}}, {"model": "orderapp.order", "pk": 2, "fields": {"user": 1, "created": "2020-10-31T03:27:35.039Z", "updated": "2020-10-31T03:27:35.534Z", "status": "FM", "is_active": false}}, {"model": "orderapp.order", "pk": 3, "fields": {"user": 1, "created": "2020-11-03T23:32:03.474Z", "updated": "2020-11-03T23:32:19.077Z", "status": "STP", "is_active": true}}, {"model": "orderapp.order", "pk": 4, "fields": {"user": 1, "created": "2020-11-03T23:40:32.507Z", "updated": "2020-11-03T23:40:43.880Z", "status": "FM", "is_active": false}}, {"model": "orderapp.order", "pk": 5, "fields": {"user": 1, "created": "2020-11-04T00:22:49.853Z", "updated": "2020-11-04T00:22:50.125Z", "status": "FM", "is_active": false}}, {"model": "orderapp.order", "pk": 6, "fields": {"user": 1, "created": "2020-11-04T00:25:36.152Z", "updated": "2020-11-04T00:25:36.395Z", "status": "FM", "is_active": true}}, {"model": "orderapp.order", "pk": 7, "fields": {"user": 1, "created": "2020-11-04T00:32:44.382Z", "updated": "2020-11-04T00:32:44.760Z", "status": "FM", "is_active": false}}]